{
    "$schema": "https://schema.management.azure.com/schemas/2015-01-01/deploymentParameters.json#",
    "contentVersion": "1.0.0.0",
    "parameters": {
        "appName": {
            "value": "StringFunctionsStage"
        },
        "storageAccountType": {
            "value": "Standard_LRS"
        },
        "sourceCodeRepositoryURL": {
            "value": "https://github.com/c0achmcguirk/AzureFunctions.git"
        },
        "sourceCodeBranch": {
            "value": "staging"
        },
        "sourceCodeManualIntegration": {
            "value": true
        }
    }
}
